,num_tracks,avg_length,num_fragments,avg_speed
num_tracks,1.0,0.3780131112336037,0.3654506460941928,0.523794196849159
avg_length,0.3780131112336037,1.0,0.9458870900551507,0.30045698189100223
num_fragments,0.3654506460941928,0.9458870900551507,1.0,0.43414612492656823
avg_speed,0.523794196849159,0.30045698189100223,0.43414612492656823,1.0
